loginID,accessCode,candidateName
ez7tB12T,UYFOKtVF,Candidate 196
3hvSzTox,t5mdeqPU,KALAINISHA P
Q25Z3oVn,QCMi_5vF,Candidate 692
ID4gZnQD,HXfo9Slm,Candidate 797
1aS9SUim,vyesbWWg,Candidate 233
eo43CWJ5,ytMVDZEJ,Candidate 42
FXSuFwk2,nRhpOnkl,Candidate 718
STw9uljP,yTPq0w-9,Candidate 611
tej99uUi,gcREAI_j,Candidate 534
s8psxdU9,YC8@5cSZ,Candidate 676
Y5i8Y5Xp,tP76_dLB,Candidate 131
d7D4yxup,ZO39!Xc9,Candidate 47
jkIkNJ3S,XfdVik8M,Candidate 220
joZ8BfUZ,So2TLE3b,Candidate 381
cbellPXf,R@6rhj!I,Candidate 927
ptFPXGhk,m8dzsZyK,Candidate 766
1mY5ynsC,CNQYJrvG,Candidate 708
hhBbg0Dx,otUSpqrd,Candidate 467
uxECVe36,cDxn0_sU,Candidate 462
ky3nrHJp,SOW0pz0X,Candidate 815
P9RlHBOy,7IDRzsag,Candidate 851
qwwkMM3L,B37raT60,Candidate 399
qxCMAzBH,E4UGju5O,Candidate 241
q8qUVodU,He4wg_xT,Candidate 882
eR6IBGrZ,-v!H9Di3,Candidate 263
GxbMFpQp,NouIFhfD,Candidate 936
qN8qrslK,EGLIu23l,Candidate 141
qDcns5aV,iEGiqTvX,Candidate 553
wJDxgV3t,619YS-mp,Candidate 524
kMNeWHST,el0GL1bg,Candidate 134
odFrEztp,iSD!X1sI,Candidate 935
cErJYskv,5ypb4Zz_,Candidate 739
P2uHbX17,HNNvp8tR,Candidate 932
ixXPr5Yw,JC$Uezfi,Candidate 278
IsJXE8i0,GcV0FBZt,Candidate 329
55KwxaTx,@zBe7ay8,Candidate 268
2hcoLqbC,9TEmWz4W,Candidate 725
m3Cdu5q4,ZIqAWwsK,Candidate 14
Ow4440X6,keE5WWKq,Candidate 907
si24a71H,NowWzXMB,Candidate 947
UgNjhXyH,T271RuHo,Candidate 136
awo4LyPz,BoY1Ofy5,Candidate 372
aSIIbHaZ,j0rBVom4,Candidate 910
mmycMBWf,m@BWo4lf,Candidate 609
tgh1OlUM,OSn_Aptk,Candidate 130
HSzvxnCW,xcJZTkTD,Candidate 5
BO1FSOGZ,asMkj$x1,Candidate 195
qDnRDfsI,zCrs_$8p,Candidate 715
IwmjG7oy,DQ6JsQZQ,Candidate 565
JSt06xxc,Q6sbaHC-,Candidate 924
F3D6iYo2,Qni!8rSG,Candidate 799
sjLxOSmZ,z_wViFyd,Candidate 38
FfocKylS,jkT06qW0,Candidate 672
TmAikK8L,BPKs8$Y7,Candidate 157
vtecI2xe,_bY76u0t,Candidate 376
0KBx0IPz,G5b2NC@G,Candidate 202
PYPlMn6r,UERS@W2I,Candidate 307
knuN61fw,BB1zHN!j,Candidate 162
pnvutVOk,ufGLXjgx,Candidate 66
iuoL2qJi,SgPxbx14,Candidate 906
22KMuWd0,SWAkXbKQ,Candidate 126
1wsY8Hls,LW7g_iMJ,Candidate 632
1re2Fy0z,1z6zdxIQ,Candidate 786
elqOLRu0,jjFV5sNC,Candidate 536
CH3FcpHk,rEWs1Tnq,Candidate 306
G6LLm0LU,IA@Qz7Ud,Candidate 471
6QL9E2lc,1ZK6ze2C,Candidate 693
eMGxwjLH,$G7i4HcW,Candidate 229
fiRWyGkg,GcwKFrNW,Candidate 234
kSrcoNb8,jiU6k-Wg,Candidate 244
oOI1HGqR,@vSDAzwL,Sharmili K 
Fbs6gF5M,stMxxDU@,Candidate 712
0s1PXP0V,Fa8j@xOK,Candidate 550
JuEFO8UJ,C97jMyaU,Candidate 844
lbS5LR9G,QUqL@VRq,Candidate 137
Xk7nO1Pf,i7JKo5Jk,Candidate 436
Hblztctl,3bl99Thq,Candidate 302
ciaj2kCv,YRCdEPF4,Candidate 319
tIGUTeSn,qPPViF$1,Candidate 617
Z8USgoa8,MJcje!vi,Candidate 554
GsJmqfoY,egsp7bBK,Candidate 223
tcTMVrY7,0PBQO!ae,Candidate 291
uyRyWvHN,MdVUNOXO,Candidate 242
qrSJwVSK,2_mEKIaS,Candidate 618
m5HmRjxS,84boI1I6,Candidate 290
bKMdEjrq,cwAtc3A!,Candidate 781
YqPrC8A8,7WQm0FtK,Candidate 998
D9vDc82Y,AoxNVX$q,Candidate 217
51kdMDRS,6aiD!Q$E,Candidate 103
d546q84K,lXfa9elv,Candidate 144
WAD4uDVA,DyS@dOrD,Candidate 657
DmPUj8A2,fyp80Nli,Candidate 569
3gN2aQ36,4t!Gp5tP,Candidate 593
ll2z8w95,2T53LuNW,Candidate 261
Kunwd6sP,GiVqqh$-,Candidate 502
JBiHDTYm,T6xYUdeR,Candidate 903
ovACI0As,E$-YjUfE,Candidate 628
0Mxxv1lC,Ta1p1_3f,Candidate 561
dXXIf7D7,x6rokB0j,Candidate 366
xTLx3teK,qLsRDyfj,Candidate 861
vpwC2KHs,ZdWhfZiQ,Candidate 855
MAzBNLFE,0Kym@MIq,Candidate 555
m8rFUV3S,LFsYq8LS,Candidate 732
b2NmG5T3,uO-BVMuo,Candidate 622
A8nmf7mX,5sK7v4oc,Candidate 796
7XHg4Mvf,fYmbutum,Candidate 69
drcGxRgQ,yXRAfmsO,Candidate 981
0VKBq5E9,9yIvqP2E,Candidate 625
WkxWBtBg,t8@OcvO-,Candidate 28
d1WCYx44,VsRHbqOl,Candidate 764
PEQHUjpX,jLJYEzGU,Candidate 654
sff5C0j4,FaFxZfyi,Candidate 806
ppEkMyz4,J@xYqZU1,Candidate 701
hINSSGvt,F@mUTz6h,Candidate 985
FGqdVjG7,@kAuqrnb,Candidate 391
4PhowD91,iEXxde!d,Candidate 682
3L5q79g7,$@73l@W-,Candidate 23
gwIxzhlT,h$UVZ!p7,Candidate 451
wgBxKdO9,Wd$J8SH-,Candidate 592
w405s1jm,fu9mz5-v,Candidate 402
cyW2ozJm,1xDl7W-w,KALAINISHA P
JZRWu6Gj,1a2mvfd9,Candidate 849
aGAsCtU8,JXYJqoPB,Candidate 417
f0EXvsHa,En$duYPC,Candidate 623
VnAmEtLG,vLQeYsuG,Candidate 607
rALyo69v,q@O8_8bQ,Candidate 755
tqzXjYzl,GN60LZlt,Candidate 356
GUBDWIZf,_pTCFQJi,Candidate 140
2xUpciuR,vO9spNlf,Candidate 359
Ws3AWtZw,9qN4DweW,Candidate 559
ulG8JDR4,gLg0Jxiu,Candidate 930
hscpHyht,PGfMiCDg,Candidate 168
r2r4ht5R,@A9J$-_N,Candidate 393
jtKfIX4d,OWfST_xA,Candidate 996
u5LIklIr,TUhO@d-E,Candidate 174
hUX0yeQR,KyKJvDej,Candidate 222
hkBcH9h7,52PV0MNP,Candidate 370
BHEI9LPz,RQYDWlvU,Candidate 641
ikfZayQ0,0MuDoPg_,Candidate 944
KdWaIbVH,lXXOJ-wO,Candidate 99
zsJuTAOL,u5Q$A3uh,Candidate 626
Vrqow9Dq,jk@y2ULH,Candidate 578
jdX9tzRy,OSliq7MW,Candidate 827
FfHl9hyS,isqtb7BV,Candidate 407
uc7Od1C0,av_IjjdU,Candidate 424
AIlW3IWV,RDbm3976,Candidate 435
1kYl6WMP,ZTofda2G,Candidate 169
WikZUCjs,1tcV$GcO,Candidate 264
9on9C4W6,c0nbAZ-d,Candidate 763
AT5CPt2D,z_BgQ6iC,Usha S
JTzUsET6,T_ezQxsw,Usha S
NMlV51hN,vIX9ef4I,Candidate 363
eAiLITCE,tIgN_szc,Candidate 886
MUd7VJE3,C$WKuEW3,Candidate 918
aGCZoDQc,5lzbTKAu,Candidate 639
WtS1bSnE,g7VbhotN,Candidate 684
SS64ckML,nO9MZ-xF,Candidate 165
NMaOn2BW,wffqbymq,Candidate 571
7oXXoxDi,_EQ7Jm5K,Candidate 96
d51AKGwE,Qo6YCaWx,Valarmathi R
fjqkywJB,b1VOU_cX,Candidate 418
kv9KOe9y,KYWP1AD5,Candidate 346
m8e1yX12,7FYiFQSa,Candidate 727
F2LPG7vg,0yZS9V6B,Candidate 232
ctrpgHtw,NwWoVRS0,Candidate 108
oS5R8Nx1,uF9CiK9b,Candidate 191
309Eez4i,tCL3UzT4,Candidate 801
kvzaYnUN,JNLpT5sc,Candidate 842
OrqCBeA0,TmZ4y8l1,Candidate 105
K9BuPa44,zJGWMOgS,Candidate 152
3PGM8ybd,DCY2xFrB,Candidate 305
NF5c3qdj,$WZ66uVv,Candidate 982
D5t2i3tv,icUExCqD,Candidate 975
WAxjKoWX,ROB4AGO7,Candidate 167
jmFSb4SJ,r!iQKKXE,Candidate 556
X2jwBG1w,iRSxcD!d,Candidate 30
muzpuxhM,Qs0ae2c_,Candidate 173
Ylb4RseA,j@LuEWzJ,Candidate 318
3pJC9s0h,G3zoSXTJ,Candidate 280
Ejfx8cCr,Y8yokR9X,Candidate 338
EpQYy6Vj,@n4ckPKA,Candidate 188
YAnS5TRH,CaN_oCGv,Candidate 341
PNQwPiRN,TdpdZuxy,Candidate 577
5Y0DBS4h,mOCh42WS,Candidate 574
erVbvtt1,PH$S-Qpy,Candidate 336
NZPWpE6E,WM4xjFxy,Candidate 662
JXPOtNoA,X@q1_fIO,Candidate 243
0DYUChx2,-QT$kKIh,S.Vinothini
5h9w4t4r,int7pqch,Candidate 193
0mwh78yJ,yTcWKXFs,Candidate 481
U2qRRIzr,q$7ep7E4,Candidate 792
MDWY2cY9,ZjPRW0rn,Candidate 322
5xkctKxl,sdQUBp2-,Candidate 198
k1oZc7mo,ujEk$x@G,Candidate 984
JRswr9BB,7QlnDJev,Candidate 630
4RHuzsY3,Gm3Mr0m4,Candidate 685
dpCIIC9s,FMEH3GQ@,Candidate 178
QB8F1qYm,E5oLHp@c,Candidate 541
RXrOJKh2,8-wXVxlb,Candidate 504
llP9Hli5,6@OHr0rT,Candidate 629
KF4wtBsu,QkLT3QD8,Candidate 955
oPtdRiNx,u8kt6Mx5,Candidate 529
jZj0DvyC,pqv$SS44,Candidate 18
E1qUrWBd,aHFRRcx9,Candidate 176
0ioSRaQk,X105SfAM,Candidate 482
HA0BwkzX,HNj11aNe,Candidate 655
ZDSmxcLh,HJrIjZTY,Candidate 150
v6XOJ47W,i9--A4WA,Candidate 36
hvNdkzkv,SHSUu5Im,Candidate 394
WHBBLcoF,_pAhXS9X,Candidate 62
VkisydPt,0brM4m-K,Candidate 871
9b48AFTU,giO37DQ7,Candidate 916
eqo8dz8K,tx_!mOIY,Candidate 71
RhuCvvkT,7-MBJick,Candidate 988
2bCjLkL7,727WLOw1,Candidate 518
Hb7yl49p,j!mLtVoU,Candidate 915
yZlRVutp,L927bLJR,Candidate 697
cjdzoJvt,C$fkpU9Z,Candidate 777
6O507G05,$Jp_@-Ea,Candidate 421
BM7pXVE1,H!u-c9r6,Candidate 516
r8gejVE5,kg2$h@Q4,Candidate 347
ySIVK9Vj,m5ZkxRF3,Candidate 500
QYQMFJyh,ijS7HXdU,Candidate 535
8lPmCyaD,YjQpi-nx,Candidate 52
ZBq6plaS,_0GX9hpc,Candidate 352
g2pA2UOg,a6RWkJ9U,Candidate 608
ZztFKQZp,bq_VCAo7,Candidate 211
U4QCNsfj,4gwb9ZWE,Candidate 180
QwTRYDpl,-z8hBLQO,Candidate 939
Qxy3e4sI,TQ6ba@CJ,Candidate 652
9APLiYPw,hZZEhov5,Candidate 194
smNI5TC2,PbQ8$ZAG,Candidate 454
TNqFngGL,k7i9!90B,Candidate 688
KeU7aPPu,X8E5PEjO,Candidate 819
paUomDOD,va3pbRcl,Candidate 289
hDgESH6E,QQYf_Q4H,Candidate 281
cDYwx2r8,Bcl$c3xg,Candidate 72
m4KX4MXy,UB!hJyuU,Candidate 612
QBq2VNRG,xk-JMFN_,Candidate 259
t6eBenQr,QScYGMIR,Candidate 337
QVyhX7dg,5wusMMZ!,Candidate 589
phXyVMjG,cQ51HnNB,Candidate 81
biGiRP2t,Q0l1@RPf,Candidate 434
ZtcoXjzf,k8tfT$vW,Candidate 7
sYTJIgj3,hRSWXEEl,Candidate 872
tbKy2aOE,5fwN2W$l,Candidate 419
IbiSq8uw,3pWnFZOI,Candidate 487
6BoTdAbU,yvhWtLl7,Candidate 696
ftBfxvzF,IrmW74kq,Candidate 897
KTgdAzfz,RhRNxqrP,Candidate 823
1XnIkIgk,vCwXobkY,Candidate 710
MYlIQ1nK,1hahlUVK,Candidate 807
S7gh801k,zaqPo7jw,Candidate 822
arUOwHvW,mEkxYfC6,Vanitha N
pxXEv8Ei,$OnqPIwF,Candidate 620
dXEB5sFs,vbZXn0yG,Candidate 415
eJQGTTWQ,9bGOiJzy,Candidate 695
LFejE95w,ExX2c9f5,Candidate 937
yNY1Bfi2,cpJWJabU,Candidate 933
gRJbVD3b,yuGW4Id$,Candidate 610
pjHVSjCd,Ni8-JHxj,Candidate 439
Ev9wHJ7s,TrItd7kb,Candidate 760
CxOgOqSW,btRUNcjl,Candidate 862
Ab3oUpsF,ZfwWh@_y,Candidate 977
sEbnWleO,@32r981n,Candidate 95
uwaSegR2,gk8Wlony,Candidate 272
IGzdcRdr,hj1WMKuT,Candidate 362
AVX308i9,m19x8z5H,Candidate 33
FVhCWwf6,Zo8BSHgb,Candidate 422
wtGrz2E8,u6tTdCmj,Candidate 143
glGQJEP2,Mmt6hJ3O,Candidate 990
gpuSMirw,0JwomE@z,Candidate 324
KWRpTR4K,pk19mbGF,ravi
pbxmweRl,_1rg5_P@,Candidate 883
zpjBU4Ds,E3eMfF9O,Candidate 330
XYNH1pW7,VGBI3IDt,Candidate 128
S9htgzPQ,p1IKRQuH,Candidate 450
hRUjJn33,LQDWY6vl,Candidate 60
ideUvOwO,q_Ed6hei,Candidate 835
qMj5V2UY,cqgZ2-8g,Candidate 207
66Z4Dlle,MwO$4KLw,Candidate 810
nkJitx4p,6s@P7y$5,Candidate 804
6iNWuvmw,RR$68pfV,Candidate 201
50LZtITg,lSKGktU5,Candidate 973
BNEjrnb8,IRX!45$y,Candidate 206
dzMUf38K,PG8DX-c6,Candidate 893
4aVxmrla,6B4G53fu,Candidate 503
LiE91Wst,0LnYs71E,Candidate 711
X0LNCCiX,ioUinl-p,Candidate 371
3Dzq4EDf,vaaogA5w,Candidate 246
EhhcPE14,2Z-pzKyd,Candidate 731
vOAT24KS,HyCAXznZ,Candidate 836
GVv4y4SA,lMi6zU33,Candidate 445
DiKiQYuE,j4z0oFXd,Candidate 968
pvDYFbsb,-4CqW50q,Candidate 832
kTcJDjeV,7NgTXnPQ,Candidate 326
84mf0oNA,30RGU7GQ,Candidate 190
sOOihbAF,oAV-SkGB,Candidate 741
f7M3enz5,sbYWJr8Q,Candidate 408
ceKLpghH,CIG!gAqA,Candidate 476
GXG1IHMX,3A@3CvMv,Candidate 970
zJAeAmnB,4Xs65WsX,Candidate 55
svnY7V8Z,PfORC-Ks,Candidate 926
Ag1HrsK9,gu_qeFaP,Candidate 420
u23HEwPQ,FAilip7J,Candidate 304
1tITvKUY,hQ9bbUj1,Candidate 563
9py4upvM,flLR8Alt,Candidate 854
Ha9ksnVL,Z9pXCAcY,Candidate 979
u7R41jM5,q5tR@8We,mahesh
puG5gneb,rSRN@8s9,Candidate 588
6OEUyfLd,adzo_ee-,Candidate 600
TkZgt1c2,OsHfAf1v,Candidate 547
FhYkZZ2l,!DVc9h92,Candidate 213
6j2Oo8ZQ,J4FG9Cki,Candidate 853
rENSl1iq,FOELGPF1,Candidate 287
hlGvHZrV,9MmB2z8c,Candidate 776
PNgdlBvL,ThHX0HXw,Candidate 452
E7r7OmLY,zITKg-uF,Candidate 874
8hQgJ1NI,ofqMsU@g,Candidate 27
4ySDijoL,J1ppZsBU,Candidate 461
hQvhClOB,8qbq6$td,Candidate 899
mNQ06JlT,!x!JFdXC,Candidate 284
coh3QcUt,tfuAZ0!y,Candidate 485
9nGBAbmH,lHRmpkSt,Candidate 780
iQHQs45V,ikkYxqvK,Candidate 670
6uhiDxtq,Q7!V3g6R,Candidate 212
AMkGAZoD,sVAtMpmn,Candidate 902
7uvAA5I3,eUXj0idB,Candidate 551
4rLduELk,aNbPwSJu,Candidate 946
R5KNPLku,DIpxnIzO,Candidate 898
YD8AlyWW,j5_x-UzY,Candidate 726
iiONgrxa,SWE!e6Oj,Candidate 39
ApfygLHj,2ZUJ@CtX,Candidate 579
38TLA9XE,6aRbLVSW,Candidate 865
XeVEhbxy,Gk6qbM3P,Candidate 374
xwXYuAWL,Io_XRZbq,Candidate 818
yfGDMqtn,dbY_gxPZ,Candidate 182
DgqsQhMf,Vqtqu-MA,Mahesh
tRsEdIU8,sQQ6Yobe,Candidate 401
BakjBSUL,ZG@_yRiC,Candidate 267
G6fBuBgM,zW3lWkjE,Candidate 367
G2wil1vf,J-Ee-$$7,Candidate 530
5EzEIXlB,mXHUCmRn,Candidate 35
4GS28gnx,INVoO0gM,Candidate 845
UrfHKk4u,0UnBXtE8,Candidate 368
UKEkA6mW,r9fu7w6Z,Candidate 447
OabPsXxv,Oo5FHbTX,Candidate 938
cpM5Fo0v,_k3r1Pk4,Candidate 953
Hvu72ERE,19CvhwDf,Candidate 308
omODzdPh,06xxrODh,Candidate 433
Do3DTd28,-ECsTb68,Candidate 320
Moz9i9vf,2DK3sf76,Candidate 313
VBFVI4c1,XcGJ3cki,Candidate 738
kXrdVMmV,geB!aMVz,Candidate 824
FmyHMLAF,Iy1iTdHQ,Candidate 228
l9V8ukcj,KM96X8Yu,Candidate 239
T0gHOuXs,91a@G!cp,Candidate 9
tkqHErWb,_tcLpQas,Candidate 694
RU1t63T5,1nE@2Ou4,Candidate 567
CecJbZaO,ejQqglp1,Candidate 404
hMiQQjZt,2dq0Bl1@,Candidate 520
tAFkHtJn,fi3EZgOu,Candidate 650
aPlgC7Cx,Fx3T2DVz,Candidate 398
0x8BtGdP,!uaIbqKI,Candidate 742
z2P0TT7m,RV3YBQ-Q,Candidate 613
xUWGbAc4,UAWy7pZK,Candidate 70
5jnrAoCg,dTeQEEDc,Candidate 364
EZdzLlW2,6PG83d-A,Candidate 774
h9CxKCDS,5kh-VI1-,Candidate 591
IiCZYYiq,f_P---ip,Candidate 992
BIWxskXA,IsQIqV_X,Candidate 10
Awx1Bl8R,1$q@9kBY,Candidate 102
aB0Re7Mu,UTAT2@tw,Candidate 890
Rcz8d24x,2xTaA2tK,Candidate 706
kQayXyQt,gn6DX4w2,Candidate 572
uohKZCYN,arA!QFP9,Candidate 943
ksE9VYsO,j4hQiH!e,Candidate 966
xgWoWSAW,mI@Lh1py,Candidate 537
4rnvQIKz,gP7xzCfe,Candidate 65
bf2fn03P,Y5@UiuQ4,Candidate 816
LRvbfJ76,cEjwrPn1,Candidate 385
wCGyOPdC,f2r3U4gq,Candidate 999
fTwfQXD2,whD5OOa5,Candidate 64
J61ZTAlp,j_UdX6XA,Candidate 13
WPh13mJp,j!oS0nGy,Candidate 351
wztMWEhQ,Ns8HhyfZ,Candidate 759
3rCLkhcw,fa8AFxwN,Candidate 260
Nyg6JQQr,RzDs6fd6,Candidate 848
NUQP157p,kGG93xzg,Candidate 496
USNKFjTe,$bX_Noro,Candidate 748
BaqQTYjs,lvjQv$Ui,Candidate 416
MDSU8qcn,4$ieTO1E,Candidate 115
8Eo2K83V,@6yQy9sa,Candidate 568
O9uVthxB,yBkET!x4,Candidate 93
SO05lStn,jn4!Y$uv,Candidate 106
ZOoZFvqC,t8e0uBsk,Candidate 396
3hpg1Lyv,!U1cDHZg,Candidate 746
ChtJnrc6,@UGlxOWt,Karunya M
NuXHJo3W,@Na35WGh,Candidate 43
i3Jfbpk8,hiklxnM3,Candidate 614
IDmi4wQV,wodZM_Bx,Candidate 135
LDnXfQkC,owxpi-_Y,Candidate 772
kxC9y43c,PcdOstk3,Candidate 901
ORBeqnEv,a!5qpwwB,Candidate 713
NgdctR0w,WTQHWPfm,Candidate 601
Oq3beYjM,uWt5AEiF,Candidate 1000
2FiovBMA,lhIYOvUi,Candidate 215
KoeJCgZA,vnwWK!Fg,Candidate 266
j72Wxgw8,Ur$03xRZ,Candidate 619
pdgqef80,BKscizPY,Candidate 386
djxC9UBf,vjHMWJOD,Candidate 584
tsnD0tiG,5DL6vIe0,Candidate 26
zk1rGBAg,5qfNiAbd,Ashwini R G
R1TxtEtB,!ddo3Uav,Candidate 904
fVT1TUap,2vn0yBRH,Candidate 15
b6DypsVz,7RBEGi5n,Candidate 735
TmUchEwn,pVdhYG0d,Candidate 507
qNoslRpr,8V3odP@w,Candidate 124
Q6jnIQo1,R_30e5O5,Candidate 456
IgQs6l0I,I3VACFkn,Candidate 976
pXA7TlDh,4t1ywP5F,Candidate 566
Z74rwUrP,EGAl9Q74,Candidate 133
dHwl5fYg,RiV@84dW,Candidate 800
zNrg01ib,EfyMS5d4,Candidate 369
fs66hrzX,8B-JfWZV,Candidate 582
H9BbH4oH,7b2unyHn,Candidate 446
7bId1UD9,OJ6Beln6,Candidate 138
Kg2aoeMg,NpTuLA7@,Candidate 227
9Aw235XR,!w2AKxPN,Vanitha N
3g2stDiL,EaJ9JG9W,Candidate 488
d9XwajSR,hMQl2Y1C,Candidate 986
uJWdfboD,G_mHuIT1,Candidate 942
yIrgKhWz,QV189s9n,Candidate 271
BPVNtegs,TRsBk9s1,Candidate 389
rhda1jLG,bewnTnu7,Candidate 279
oqRLqSZg,BUkT!AxA,Candidate 653
rfhStYof,uook97W1,Candidate 510
oWx7VaaT,ruELtlOg,Candidate 562
Hxl0tS4q,_L@dH7VU,Candidate 826
TzoDbhNP,jH$z4Quy,Candidate 846
e3DkRPEk,KWdlJp0!,Candidate 428
v9b7gnRL,4bRZd2x3,Candidate 512
JbDvFN2P,YfapqN6u,Candidate 538
hTkFK55q,5vAhadfE,Candidate 192
UMPK2tye,QNQmSqd7,Candidate 4
qNg631Xp,7kNmJX4Y,Candidate 770
HrBRIKI7,E84V0NXa,Candidate 714
eUBkI83R,X6geLQxM,Candidate 778
29S4c8g7,nbmkMSGd,Candidate 438
X4KvKDCi,5!yRGeWO,Candidate 983
hfIIcXXX,OPa9yxxk,Candidate 597
3U21cNxQ,1pZkrch-,Candidate 175
mFW7KCwm,WJ3YQXuZ,Candidate 679
heH1Kbzh,t5!hdGG$,Candidate 171
cCYGbZpf,mmsWtiXy,Candidate 825
u3ReDWwI,_d107F$3,Candidate 353
kWD125jb,MQibkv0@,Candidate 598
HqlO00oQ,1Q@CiLiR,Candidate 12
q3S91WDg,E6OMWhF@,Candidate 270
n5UWNqT1,9vCcPLC_,Candidate 483
dIXS2nqf,khIzFrOP,Candidate 789
9TXgOJAx,1kw3wQrE,Candidate 605
8VN7Kb2d,g3VRxE7$,Candidate 494
MBP9966B,9ZkCKkjj,Candidate 390
x2wm8IG5,o-kklEWL,Candidate 406
qgwSjGX6,9L0ZNbfg,Candidate 382
w10zgOhV,A_tcj5t_,Candidate 889
MMIeAIkg,P1kkrJbD,Candidate 505
CXEX8ye4,2PHYF539,Candidate 59
JnqKPrMo,x-jKzEGk,Candidate 170
2y8oZjdi,U2QkltW0,Candidate 377
85QLN6Uc,RY2VT7@c,Candidate 489
hpP8tuPv,kNNMol$M,Candidate 664
9CY7GhPy,MgbEOOIj,Candidate 350
XeZ455fm,0eloLk39,Candidate 795
JN69AT9A,@tRZnx-V,Candidate 702
1ve5myj0,AP-1Ng5!,Candidate 286
83bUeRyD,Gt_vUgME,Candidate 879
h5VNLgTO,JcxZOx8a,Candidate 805
MhTfektN,npKhFLcd,Candidate 316
nqmly7t4,InudIG9h,Candidate 44
3lSQEHQM,DDrb1ewF,Candidate 831
ehawOB49,9!6t7hRo,Candidate 564
xpjwXaf9,8hynhZQT,Candidate 875
PerHo7jz,KzR@1sPZ,Candidate 34
v1RIE6eO,e0tmspp_,Candidate 335
EVNy4fd7,QQ8GWglK,Lavanya S 
ysM4esWn,HkUh10Ja,Candidate 186
hXBZxPqi,hkZ@KaWk,Candidate 545
d675EG2j,2@g3xERr,Candidate 606
PclMINZ9,R!dS5SWq,Candidate 888
3dld5Feg,XuffdsXH,Candidate 354
oEnnnWXJ,Ok1p9KPT,Candidate 651
IzyzMVaN,VRseXbVn,Candidate 552
8ezbx2mW,E97FpAij,Candidate 791
GdMOqAFd,S2@@SOjY,Candidate 161
t544d7jY,$aA!686Y,Candidate 361
vHF90pyk,ABhTAK-d,Candidate 506
Kzuw383G,MwrV1EWJ,Candidate 522
Z05Qf0La,QvxzF69G,Candidate 557
3ME9dVLS,ZmcIuFSZ,Candidate 940
nQQLZlE6,5qIQ@dtd,Candidate 784
CHPILWzV,wh86wIsi,Candidate 596
5oWsj4kf,eF1ydwTl,Candidate 762
AwTvQydM,2$kkJ5c8,Candidate 859
CNQzJPVt,DC7wHL6F,Candidate 256
jb73Y7dj,_4n_KY7D,Candidate 645
dUpyAlLv,s1t2vZPR,Candidate 122
BIOImyu5,B-PU7_Lu,Candidate 885
MO28MVPr,PpGODVMn,Candidate 17
mR0noszD,9mBtdDlX,Candidate 527
NcJjcewE,5cou$D@l,Candidate 642
duU2HsWP,tghxqrG2,Candidate 677
UexpPg2k,baEvjg1E,Candidate 647
WbAJnl8e,a3!!tV36,Candidate 397
76PuLXgs,yqSviN8n,Candidate 539
lNqXK684,Ax$oSs0N,Candidate 660
qTT7nvyA,LZEL!GGI,Candidate 472
6abmt6fk,zDt-BlEg,Candidate 691
tjxeqjh5,ezJSUr7b,Candidate 172
eMHUZqzu,d2UBXsna,Candidate 894
INjqUci4,cNjun62j,Candidate 602
TTKyXJI4,Wvxf5poK,Candidate 821
wt8jM38Q,o025IQVW,Candidate 666
IJ4lppRb,_f5Y5!iw,Candidate 46
g3fFgU5C,dsLx5dEf,Candidate 959
QRbxrshw,JRFE4Vvi,Candidate 328
YQXNFBus,T2xnFXTD,Candidate 41
L92Ow4gP,CeY1drLT,Candidate 878
u1ZFv5xF,fCBEssQM,Candidate 866
s7LcO0uZ,JShiL0TD,Candidate 519
FvKKorQu,-1NNlL-S,Candidate 895
oCuiKc43,iA$PL75_,Candidate 22
5oNddgsH,m8JLGtZ0,Candidate 971
1REg5lN8,yJ@PEdKp,Candidate 226
6xrMUGKb,W@EJRrOx,Candidate 963
N7jawYde,evIrfk$Z,Candidate 235
dV4MaHcF,oqRMDDhK,Candidate 160
1bQ1w8C8,PjN-TJRd,Candidate 32
D33MZBlV,PPYp8Ahs,Candidate 667
8lFezlH1,2$AWpFxQ,Candidate 928
P3vOpLwm,iIWRxsu2,Candidate 533
Y2B9rpBp,HJ06apnF,Candidate 378
4RpIsQKt,$nVH9fcp,Candidate 881
3t7GevKo,mHo28Rkj,Candidate 912
j12Iz6a2,$5@wwkRJ,Candidate 265
AC4Mgk8b,5hweyexr,Candidate 240
DrFYCw45,slV4FI9K,Candidate 674
xBAfyhcg,W3hKPx0m,Candidate 104
kwyE36Kc,UX51a0-X,Candidate 474
SWPwfQeO,IMKFp8An,Candidate 409
zjHeyFG1,gkZ2Fvy@,Candidate 949
IV2gOwQI,LCt9H3Vc,Candidate 486
KPSDL3Sc,-_y14fA9,Candidate 515
GTwYdPYa,MbPRaRED,Candidate 843
AA8ZIUi7,FZlnwORt,Candidate 218
czMboa0D,7VdMm8!r,Candidate 621
BwdKDOsI,Py5s6qUa,Candidate 678
xynqW5Kk,NS4Fwc0J,Candidate 333
LSxOPQaf,@dy_@8vP,Candidate 303
mU6dTowN,uYrRkyaK,Candidate 587
MXmGY5BY,9$MZ_8U9,Candidate 925
v2xA0x0C,!LSY!$4-,Candidate 357
y4seG43D,9Vo5LN1v,Candidate 640
JmoVYMMo,ai3UD6Us,Candidate 783
Ke9pRld6,MqTCAlA8,Candidate 121
wAlnUyOQ,nnGXUaN!,Candidate 945
937J6xVA,t!55VS8B,Candidate 54
dgchjEss,DO6xBiki,Candidate 757
zygxsspO,Geyf3sOs,Candidate 448
BHslS8dk,KznlF!y9,Candidate 297
n8N1J4yg,HbJqCD5X,Candidate 951
NoSq1WnH,6TmtZXCN,Candidate 560
sd9XJUfv,nc_EZN5-,Candidate 761
QPNP3woM,eYPgSAql,Candidate 317
X6qXjHAJ,v!kIOJ1t,Candidate 276
mQxIKikD,LStyMfj_,Candidate 403
wlbKE9Xd,AMDlQi_K,Candidate 484
gxyRnjg8,7QH2o13$,Candidate 648
UKIergG3,Rc5FZwte,Candidate 465
FZ1d0o6T,v!txJ5YK,Candidate 962
cALARrWj,jB_wki3F,Candidate 16
Ggd9QLwJ,1_KmzYKq,Candidate 830
FA0SVnc1,sgWOv0BD,Candidate 737
TzGglNP7,CHb3g@rY,Candidate 808
aDig0veN,vu@JtK4a,Candidate 683
agGIuH77,Vc95kCO7,Candidate 995
zCnJ95LH,9mAS2ESY,Candidate 833
UaTw4Koi,pjcsID5W,Candidate 627
IH8Vnvlz,jy2dWSMz,Candidate 877
kO3x3qiY,IS1-qQ7n,Candidate 961
PZP0kbyw,eLD_pmAi,Candidate 224
5NC1Owxc,FpO2djkB,Candidate 521
8HvqrEFP,nUoMU!VT,Candidate 745
HnQJSKJc,BMyKOC3o,Candidate 491
EVBc1tni,9P9mAIu1,Candidate 817
a2uRV3Qj,yjCh@2w6,Candidate 430
CjvclyiM,I$9uUnPC,Candidate 644
8k3wNlST,O0PpRafW,Candidate 747
TFdzNwSX,doPfG4mD,Candidate 331
rK5Xufrm,s62Novud,Candidate 724
UpqhiN49,r_eSvXWq,Candidate 699
4607oKu1,1l0z$Qfx,Candidate 166
eOrcMnwA,FD1aR5LL,Candidate 736
5fzndPqk,7RrKB_2Y,Candidate 183
ZzpjOLn4,eH7sOZs!,Candidate 837
ZQ1UHSm4,tiQBStF2,Candidate 460
p4ZjRZwv,YTd4v!$u,Candidate 860
afnHANkd,vh!H6em5,Candidate 61
u9Zzjxmq,wnWf2kWX,Candidate 443
KMKK2xiF,uMP!pV03,Candidate 595
3lSRjtp0,0OJx5hpv,Candidate 794
zk22QGKO,emx-licd,Candidate 56
3NyuX0V6,hsQD6_pn,Candidate 575
idbHidqN,QxLB3Z6f,Candidate 129
h8VcWLcs,9olqCJQO,Manju
dtVimZ6b,1p_YFnJB,Candidate 466
tUVQou7I,Quk96wOn,Candidate 298
a7kDwjFh,SmqvvPrH,Candidate 423
BQfkWn1g,FA!o08UI,Candidate 19
NVJGMWSC,Dhlo_UeY,Candidate 876
sSCx5bN5,ZcIKayUC,Candidate 114
NXGJ7Emi,jmqK3IZH,Candidate 340
OmqyJROF,rswKl5io,Candidate 164
qvdmy4B4,a6a2fn@B,Candidate 707
7XOiUjd9,HSxBM58K,Candidate 48
vS5tDcwb,Wp-gQ6u9,Candidate 729
hjYjCJHY,TupsVqug,Candidate 257
ESdOvavj,9!f0yyd9,Candidate 296
G5a6Mlw4,u7rbj6PQ,Candidate 197
LUCXse7H,QSHzOBCw,Candidate 327
kah08C5z,5Z13__sI,Candidate 82
1BLQ8m0y,WWu1GO!c,Candidate 425
lENtnCrc,u0xoHk8o,Candidate 689
D4f3mlad,iWKd5rCq,Candidate 952
l16IhVtM,zsn@B31T,Candidate 508
ZEJ1qr1c,@Ra9Ifhk,Candidate 540
82fpNvd7,vnmwjYix,Candidate 373
hQOgkNxs,zM0Ae66M,Candidate 127
jXt4c4I0,ajEMY5Kv,Candidate 905
mRkBIwvU,ermdn7bb,Candidate 208
1X7bsgMR,NpphuM7o,Candidate 288
qoXWgTNu,3_80O@sR,Candidate 426
0IyaTAgk,pRJMLzQw,Candidate 413
cDeu4Quk,g!TR71_a,Candidate 245
gXcw2OYp,AbfZ1vzJ,Candidate 773
2I0V3et2,pq!ymmZ$,Candidate 991
62Zx0ff7,NxrhdrAS,Candidate 585
KJRi9tOV,_qYSt7Zd,Candidate 384
k2T3eT2b,oLSg4ZGA,Candidate 29
yGwyAHK2,uCJeknk7,Candidate 473
xw5rYo2q,@AhW$Z6v,Candidate 864
JYcPqoBg,WLEYFG$C,Candidate 498
sExHqVEM,7wLGKNdX,Candidate 669
K3fStOH3,yCi1k@GX,Candidate 709
9zy7wLNj,72qtA0-9,Candidate 852
ePunD7bG,K1CKbzrK,Candidate 964
BN4WZTB6,6lZbFjmF,Candidate 668
5UWKekVS,Yt9eA-3I,Candidate 891
x49Va8XI,5LNowfWv,Candidate 77
x4jX3u7D,VGrA3pA6,Candidate 355
a02vJkvM,7lRbtuGX,Candidate 811
A3NAjytz,pWO@eI4L,Candidate 88
99C1cQ5c,GZMLGzSA,Candidate 156
b5vlmLxp,J4tHnKJY,Candidate 159
zfi8I7y1,h!KadlPU,Candidate 299
24YbZGlT,9dPhOqTb,Candidate 978
OeRHiKIt,X@odh3Va,Candidate 155
eU66otU3,bLZATq_l,Candidate 269
zA5ADDKH,Ly184qK@,Candidate 490
VeAyWndk,00DxfsDL,Candidate 803
4aDHKV16,zP!NU_Cy,Candidate 509
GKRlbrUE,iOP10ZuY,Candidate 558
0wkPHjQb,Eai3-uHA,Valarmathi R
Swu6DsjN,yOsiamLZ,Candidate 388
STre5eWa,U7JY9cbD,Candidate 528
9cdqyVqw,tVM0ReCH,Candidate 295
z7S9WKl6,_Yjdi5Ru,Candidate 21
l70csG1l,TP1Hzj9$,Abinaya S
8galj0Of,eu8S8R7U,Candidate 348
4dBLLq96,p_yVjj17,Candidate 675
KnGTMlk7,33U0N!NL,Candidate 884
J4r890gZ,lyV4Utf5,Candidate 480
BPevqICm,-HLnDRuJ,Candidate 989
XD8R95GF,U@K!23jq,Laya
FxqJR4p9,9e-tB5S-,Candidate 459
eLN0l8Qx,2aAvnSIr,Candidate 785
96lIJlsS,iHxa6uo-,Candidate 468
gxG1IrZK,2Iic_jMr,Candidate 814
SmYfY8qe,vBS8KDob,Candidate 987
4JEke0fq,j9kbKV@5,Candidate 526
10KaBW1Q,LCLa4eiL,Candidate 83
ZY2ZEIdy,mR6E7PVr,Candidate 98
Msx2GfnY,AdRPLVqu,Candidate 994
skEEKLhQ,7jMdYrnc,Candidate 511
asE2Eoyx,i!so67wT,Candidate 580
G648Q5Vj,07Ctqrk@,Candidate 53
7yJ8Wu9R,K3nw!T7V,Candidate 658
eB2uAqZi,k5y4nIXF,Candidate 722
fzHWSjmr,GO0Dag@@,Candidate 110
MlNeazmz,HZedoOan,Candidate 292
hxIk6m5y,WicClLcm,Candidate 753
Bhl1RqM1,txLFsRVR,Candidate 775
NWSArJt3,qEdAw!cB,Candidate 469
sQEPkVrI,BDD2ysOo,Candidate 225
rCuldtOg,ZCb0j3Qk,Candidate 477
w2249wzF,S@@hBD_C,Candidate 68
9dwizs8k,p!dLChpV,Candidate 922
bk9snZuM,5yJYO3LJ,Candidate 247
8SPSUmIo,11IGNRb7,Candidate 221
uvqYzPaG,K1zy32Br,Candidate 649
r2NHFxpA,OevvVmxN,Candidate 633
OUtcexim,a-VApjnI,Candidate 728
WsIf4Izp,kSvp2krA,Candidate 154
lKrGEuUK,sdaS9_VG,Candidate 663
d4rIXOc2,LadOMIqz,Candidate 948
sf7SP0uy,k@EiLq-B,Candidate 576
TazSEyHy,AGWAW$nq,Candidate 310
yBjyzVcp,rOQeCBjd,Candidate 151
aaAUZp8A,aoQDmXf0,S.Vinothini
XLiRB96P,q8pqojHl,Candidate 24
dmUwEtzi,-mofdfV@,Candidate 185
gB5NSKAt,PrjR8VQq,Candidate 414
aZaZlI6L,YM3hOGA0,Candidate 787
6YGkaWZt,5OQ07jSg,Candidate 231
tvUPINXe,15EwTT7Y,Candidate 3
9imcIMxm,dObdv$Iz,Candidate 548
OrRGInqb,iOoY@arF,Candidate 132
r4T1UsFM,ZRBvYVhV,Candidate 779
7JQedhDb,cBVL3_gG,Candidate 25
NDrnK6vO,6pEnJl5N,Candidate 8
NSKr8D4D,tWUzVv4L,Candidate 813
3i5CRqiY,RN61Qm!z,Candidate 911
IoqoKKkX,Jze0fXLm,Candidate 809
vxMEdsCY,E0g4UbQK,Candidate 956
Bcu27GIT,Xmvu6MR$,Candidate 149
XsqRXfF3,8@7L2RU9,Candidate 840
JLmDgJdQ,-zISlqKu,Candidate 659
hmcyAqdR,pqyoxB1-,Candidate 624
F2jMctzv,KL8E3C@!,Candidate 116
skohRMT9,3bUkGhSL,Candidate 383
6G5cPWRh,AAjtXhTX,Candidate 717
kaHDph9h,9@uUhSjC,Candidate 638
pM8yuPRj,lajoUqZZ,Candidate 492
QmeKWfXx,oNj_TJLG,Candidate 497
5Z2xI0j0,ZolnpiDD,Candidate 734
N4QywpDv,MYfmS@NW,Candidate 615
xmbDeclJ,0kRJ@SKy,Candidate 219
zfJp38LA,W47K52bw,Candidate 344
nNSTTJU1,ifl3tFOT,Candidate 301
6DlxnIBg,auBAdkN_,Candidate 733
F3ZkEh8n,$V$DE9Gn,Candidate 429
RcyTqKYa,jf4-t4EU,Candidate 345
tgFy6ngr,KxJ6Eg1a,Candidate 145
5OeGEGoH,7tb$$plB,Candidate 6
aTvmEsL6,iDsZaXJA,Candidate 358
lSieheej,kQc@fbGn,Candidate 954
a1YERQEb,atxrlfYH,Candidate 863
jRRqQCrq,$Yz!EhXb,Candidate 97
XtBYlxj7,mMiqyS0!,Candidate 442
qZDl8gOf,7CBCHimE,Candidate 646
jSjMmoBI,Ml7BxD6!,Candidate 839
UqrEEkSC,TvVNcbqp,Candidate 599
hf65tuLk,_T6oyrY2,Candidate 604
X7VaYR7F,GOCEyhC-,Candidate 914
qPhq8qBt,c3qcX33R,Candidate 78
1dhFEoMZ,mpfg1V7c,Candidate 87
Wi3IFSLJ,@98AxPDQ,Candidate 79
gTsbfTiI,igJt5qWv,Candidate 965
Mi0WohNo,XfqqI$MW,Candidate 931
9GtZHMGd,KQOKJSLZ,Candidate 643
fCgkpI9Q,UT-eEf$z,Candidate 719
RWuG2Nso,JIo3CJCg,Candidate 723
O3VoMovV,zHArdTEq,Candidate 11
XyBxp6eD,aRwA_Tmh,Candidate 767
hyAVBJCK,Fd-@NAUf,Candidate 730
buiZClt5,2OLVS810,Candidate 941
j9ypJuh5,o4pVA$-Q,Candidate 850
9NJoLVKp,RTE2!H3b,Candidate 75
hIbR8vEx,zb@4z7DW,Candidate 721
HqDfjV2n,mPEF3z8b,Candidate 1
YRnkBkqz,$FH6w!!4,Candidate 758
VGDui7dM,e5IVrw_f,Candidate 867
2VJw3t4F,9SlnDmjd,Candidate 525
hR8Erneg,88oWNsqG,Candidate 880
fR45nTwi,H3NLqPb_,Candidate 334
4zjDJKqZ,82u@Wawf,Candidate 680
31lWxKZR,eIVO9GSr,Candidate 275
4EI8k4yU,YpZzgQNU,Candidate 395
pdHZIBw2,E44-uKrE,Candidate 586
6VExLMh4,rNFHYP_I,Candidate 798
CViL66AB,zbMC3a3G,Candidate 929
luuaiJ1p,h87clA5j,Candidate 820
zkCoyOxs,FRXuDb1o,Candidate 847
fwikqlGD,u@Ol@QeK,Candidate 908
48KMTayh,TXEd4MXu,Candidate 634
xXkaZbmD,NWWiHyPi,Candidate 123
0YuVYmJB,TkdcwKaz,Candidate 321
BOurxUNp,GxKAejrP,Candidate 631
sAKjimRv,HoDUhGv6,Candidate 325
CHtLxJGg,aXLGUfSe,Candidate 704
8XS8P2pY,2TVtzb-4,Candidate 661
5nmGsi04,4wDxd6f4,Candidate 400
ZCAKfef5,pG1m_5V@,Candidate 323
OM1VHJzg,Tu5vAkIR,Candidate 146
e1aByTt6,WkjuAjcp,Candidate 437
IRXIh9dE,KpGZKdHq,Candidate 920
V78e7NV5,nd3SDTgO,Candidate 209
sSQWt9PA,l4JRY-0h,Candidate 89
Q3sUgQf6,9VWGVzvF,Candidate 380
ThoDAaVp,53lgdwzy,Candidate 464
Y8Lt2BU1,F5apkQiI,Candidate 315
kfcZwjWj,YaeGdPDh,Candidate 892
KH7h03h4,bN$D5vTC,Candidate 31
JOAUBvtq,$P!zEJzs,Candidate 869
Wp14Uu6X,XVXLW5ss,Candidate 158
58zvqZ3T,km@xfW-J,Candidate 686
X4eOzOfO,bcuZyFTy,Candidate 314
9L8jz22D,Llj$db4s,Candidate 665
fhkU9NXs,K6gBj6SZ,Candidate 76
nCvz0bSl,V4ROVj!B,Candidate 262
jXzdpeI5,6-GC30xi,Candidate 765
vGRIrcmA,Vq37_fVp,Candidate 51
DJxlnoKJ,Cn@VjeBN,Candidate 532
IoPRuExy,dEM_rwf8,Candidate 392
YXyrdpj5,-V@bgmZ@,Candidate 86
l4qr6QR5,5b1UThaI,Candidate 475
8QHrd2Vn,bxE_G12N,Candidate 993
Q07CNcCZ,54g8AD49,Candidate 251
DQtVyIOz,95KD9wvW,Candidate 700
nLn4KVCw,MRrq3fjI,Candidate 107
7GefbRtK,qH2V4Zv_,Candidate 294
YDMfi7Iy,3xtN2HBH,Candidate 118
o2GuI9Em,zwsHV-2Q,Candidate 427
nNdMERvi,DF!tKiFT,Pavithra S
MHxApWbZ,8syVv2Ok,Candidate 204
ADBxTdoe,0VGAE7nG,Candidate 20
XfeyoWye,qYaIVQCI,Candidate 873
vLTAzQhu,n3S_7Fdp,Candidate 834
Qd6fAqwA,M-IrtNsc,Candidate 273
N9ieLfbK,8mMb-lCe,Candidate 838
QiXMZHzL,NKQ7w!dB,Candidate 250
SSwXzUDU,z_Csl9!2,Candidate 542
pcZ2qJRl,0K889trv,Candidate 45
E37SAbqp,vKRPmwCL,Lavanya S 
7uvgzroR,w@I09rQ3,Candidate 252
TspLaltt,6RKJ869E,Candidate 449
hVSUXTeV,ipV0Ey7D,Candidate 255
qiZqmuQo,j82fiKtI,Candidate 671
74443jfR,aEZ8mrfb,Candidate 100
wQvhJLS1,sgXwt$@n,Candidate 216
VICtgXqX,0LWfOqBd,Candidate 113
a0p9CVFF,ItKBbQIl,Candidate 751
Zho1UtDu,LWpdE1H2,Candidate 85
irSlBJt5,we6!P@vr,Candidate 493
d84cyHE2,oaB8rqSr,Candidate 282
5tPDVv7q,7!7PFDkO,Candidate 960
qsoghBSq,SkzWBBb8,Candidate 339
7Po2p9yK,4hasO43N,Candidate 754
2svjNAiA,GR-B@s9D,Pavithra S
L1WAzVsB,Xtx@1RvP,Candidate 603
C1cpUgTB,I4h!vXxB,Candidate 230
smP9umGd,v11HQku!,Candidate 616
uFoMcYTi,rVxhMR1H,Candidate 690
AZGoRW4r,W8f$yMyS,Candidate 119
9ylpU999,zDnswVTX,Candidate 716
tD1eXDoM,PpR!r54A,Candidate 37
Am3AS6MO,MRoYVRFi,Candidate 142
7cP4DB47,16HEBIpE,Candidate 829
vBExBGgr,aecmnQ5Z,Candidate 790
i7bEkfuj,h$65B-fl,Candidate 309
Y8AJRTNu,_HA5FqfX,Candidate 958
Y5D7K8g0,lWD3@f4@,Candidate 720
M4RPxTz4,RstOY_X9,Candidate 50
01kncwDW,qq!sA8S7,Candidate 812
pZVaR6w9,ichgn$jO,Candidate 253
w2ch0N6y,l3t1nLx0,Candidate 934
V1devdIw,To8dIh71,Candidate 769
cEbjItWH,C4MnVE0w,Candidate 236
OdmW7WSS,I_k1u1k5,Candidate 974
lu5zqieU,cZ!DG2Ge,Candidate 412
YEWAwenX,ExCD4TGq,Karunya M
c7ZOSXnV,-O5ds9Y4,Candidate 440
6AEx7wo6,nz11zUPa,Candidate 972
yywWBE33,PdT8uefF,Candidate 501
HR9ppWLt,yCO6yzDR,Candidate 997
cuDhfjP2,6GeN1PpV,Candidate 455
NGYxnI5g,zW1FBAoq,Candidate 740
BFTszA6l,oD2Lm$mx,Candidate 856
xMZNPumP,!l@UFig!,Candidate 750
PKzeLQt3,jMZWFETP,Candidate 332
7xkARk7V,P4-CytkO,Candidate 181
T04Y91Tq,K!4HZqt2,Candidate 594
hc6pIxzI,cbFEwQuw,Candidate 656
xNNGOauh,C$Q2MQK@,Candidate 531
EbQuCJxu,hwfqEWVM,Candidate 681
YAP1QFqZ,kaL!B4rI,Candidate 283
haEYvHb0,EW5xEFJu,Candidate 743
mAHq3MB2,Yc!tn_Oa,Candidate 517
UvOsJJtw,5qdDIAT8,Candidate 458
4rviYQRo,jZSoeY_@,Candidate 923
7TaZErYV,@QuhaBzq,Candidate 687
8oid8zXk,Fh$0cvuG,Candidate 94
ekix51Sq,z-OIjZoU,Candidate 90
EvXZzQSB,0YV!I0wG,Candidate 499
QLmGD0cj,7Mx_WujG,Candidate 756
zGyIfVaN,dbvK5SD8,Candidate 205
fLVJszoj,cIv1NFcr,Candidate 349
7Vl2TYgB,Gj1a9Ve4,Candidate 139
6HQXWJHE,JJ6ru0Yr,Candidate 698
zdncWyvT,6RAQboNc,Candidate 782
U0bwxpA5,R73K-WnJ,Ashwini R G
wAlqBjUK,!zKoRdnI,Candidate 254
1wmlUIfH,oZ9xDDoK,Candidate 479
iKus23wG,TCKIXWHU,Candidate 478
SwiZEXoY,oWP12M0A,Candidate 441
55wmcnxJ,n0A0pCIj,Candidate 249
bpQnun3t,1Lmg8LQY,Candidate 210
kvj9eznh,A-4bqYg$,Candidate 432
UueuSyIN,EloTJOM@,Candidate 768
YIQ9HZJA,gtoxQxXj,Candidate 909
mTR58R7m,E5xNn80Q,Candidate 917
fRdwA62n,kYOelEkK,Candidate 63
MIe6SfGO,jbBMXZtV,Candidate 109
bAfGm627,eNDJ8w10,Candidate 793
7U8pJYM0,_BSdu2qq,Candidate 342
xCq5piRH,X4OtZIuR,Sharmili K 
rVHuoeTQ,NXfXO_S_,Candidate 365
iiiZiKMX,AlOqv2hi,Candidate 453
fjAxNq3p,2lf!ib$v,Candidate 214
uZuJtRp0,ZAp0hmt7,Candidate 360
3pUESosb,ybLw4@Oj,Candidate 153
xeGSWqAL,h6U@h4xV,Candidate 980
PEoi0ARp,2z2Tc1$P,Candidate 73
sco3csoL,no@2b1Zw,Candidate 92
fYoAgbxz,jVYFOQwm,Candidate 111
EdpH2J90,mZ6PCEjb,Candidate 431
FuwN6o3N,gfnGzuxp,Candidate 258
Cu2OivnW,EoNyxxT3,Candidate 277
2aJmtOmY,uOWCZ3VB,Candidate 2
qopRxNq6,TPRujccD,Candidate 120
ymdQVKoZ,sVIcq_!Z,Candidate 705
LJGCkzMD,fuCASIEC,Candidate 802
NJt5nlXk,_ha6TiPL,Candidate 184
MBZ9akr4,13zK-nfW,Candidate 238
S8VImnAt,RDls466c,Candidate 523
ohumnvfJ,xID8IjOK,Candidate 573
D9skODNH,br_isnEu,Candidate 513
wgJ0Q0tX,a05NM8@j,Candidate 49
lY1qNMn0,Ku86BPiP,Candidate 590
rx9RpDNN,k3Yk4boX,Candidate 636
YtHgxC5q,3pr7pKd3,Candidate 387
9KbbSsdo,2q1jh4ja,Candidate 148
RFsIuhtC,ribcwY8w,Candidate 444
543TpHCl,zMQsCB2O,Candidate 828
VeeX3vtr,l@U6kpD8,Candidate 470
hMiKpMh9,63AVSrQr,Candidate 744
5jMJaMzH,HU_1tiCh,Candidate 967
O5IT8Srg,XUMzonqZ,Candidate 896
sQ8DldsH,mp34!3RO,Candidate 858
13BVgDI9,T1UKe6m7,Candidate 544
i0jXQJfD,M-9tw21c,Nalini
6CcOwqug,P8rRezgJ,Laya
6TNWFWv5,1YNnfrCu,Candidate 147
w5epFLVO,oiuV6ufS,Candidate 411
1fHumqi8,eHDGzDMe,Candidate 343
8lhihpdV,iiSNUvc_,Candidate 749
A92zxplF,grxfJ0Wj,Candidate 57
jMgh92IC,JCcEVo!9,Candidate 117
zFLwLorg,0b5sSXDu,Candidate 752
l2N8lU8q,N8rzq!ga,Candidate 200
CXCy6Vex,S_Ym9_5M,Candidate 74
9HmZ9VCp,k1FIL2u1,Candidate 80
2Is13wpP,d$x_vQ!n,Candidate 177
W45NJWhm,FByToc9S,Candidate 570
PKC3wwq4,3OHl5PmZ,Candidate 583
20T8lNWB,-hPuts1P,Candidate 788
kGhfTTxl,$zvB@BqK,Candidate 163
pzTCyt3u,0Ed-bpmi,Candidate 40
BKEOwmiK,Vdxe51h6,Candidate 101
ZgBlgj58,ZuYk4UD4,Candidate 248
OnqbRetT,hj5biEzC,Candidate 457
0KAlfm2l,5VDZ1Fp8,Candidate 405
0DKrHi1e,l_d9GKOj,Candidate 637
X9sdzwgi,HBLvqbES,Candidate 125
jD7mQr3m,k0-jYnPp,Candidate 913
FAfdClwE,0edUqne3,Candidate 300
MYTqH9K3,-eHx9gTR,Candidate 293
swKGw04C,U6g!FSN$,Candidate 581
CjUAUW4Y,_mIR4Vh8,Candidate 635
lw8daFHB,fQDw-ybW,Candidate 868
BoYQPuit,oCxhcwDf,Candidate 237
LlX1WHsp,29KAFibd,Candidate 112
RTLEGHo7,aYNe@gGC,brindha
IRJQ5LgU,W$Hv5Wrj,Candidate 203
izE2lBTm,Z2gJTd4w,Candidate 274
p5kTvANi,e8ZgX@ip,Candidate 179
DytFS5rQ,ljidwXu8,Candidate 514
Tze2bCJ4,@-sRkqkO,Candidate 549
mRCcwebg,-4RMjIKQ,Candidate 771
yMXoZHpc,yAya8t!R,Candidate 857
AjRNV8Pr,oxyblU0z,Candidate 900
lZYA2Kn3,_seP6@3A,Candidate 84
16rMeYPD,X9YVdHFu,Candidate 410
N0rUMucF,3x09S8DS,Candidate 379
4g0tGUQ3,g4Kgu33O,Abinaya S
LNLKs6zi,DvtzC6FA,Candidate 870
uUC49gTd,6EH8HjdP,Candidate 463
F31VMwLZ,OKif0o@M,Candidate 312
cQzMVcgO,S7X5zR9l,Candidate 887
LU67CqVa,lz!5jOtG,Candidate 311
IzaZUlww,0bIjROcT,Candidate 58
26CmaiMb,D7UYg$86,Candidate 495
NXsspGTj,MVIQtndN,Candidate 375
eyPYMyKG,kbB9JsSm,Candidate 285
UTk56NPU,sGyesqGj,Candidate 703
QntA3KaW,-o4IHgFv,Candidate 199
mhHtopzA,QPgsF$FE,Candidate 546
0mTN9iec,HeRaE4F6,Candidate 841
EtLv8RHr,PHEi3lwq,Candidate 91
69ibIRoN,NJm7zdnG,Candidate 673
8Gd8PzQJ,s@neJqjH,Candidate 189
qesM04ve,tEmkMKgE,Candidate 67
dwzHeLtw,CCbxQ!-K,Candidate 919
1xWXKsZc,A54XXYxE,Candidate 921
fk93CRDi,EKgEvBVD,Candidate 957
MP3R8hMy,bYbr!Al8,Candidate 950
rwH8HUSR,My!8uRy@,Candidate 969
NGSQ6DGX,bzw_2n@P,Candidate 187
DHIrKGXg,jjx1SAS9,Candidate 543
